,learning_rate,max_depth,n_estimators,objective,NDCG
0,0.05,6,500,rank:pairwise,0.4353391148963812
0,0.05,6,300,rank:pairwise,0.4338448510040877
0,0.05,6,500,rank:ndcg,0.43350017974135935
0,0.025,6,500,rank:pairwise,0.4317374947024816
0,0.1,6,300,rank:pairwise,0.431419103642485
0,0.025,8,500,rank:pairwise,0.4313582297628011
0,0.05,6,200,rank:pairwise,0.43123759791437705
0,0.1,6,150,rank:pairwise,0.4307495346424676
0,0.1,6,500,rank:map,0.4306907841326378
0,0.1,6,200,rank:pairwise,0.4306515681217189
0,0.1,6,110,rank:pairwise,0.43034442093144026
0,0.1,6,300,rank:ndcg,0.4295768346997468
0,0.1,6,500,rank:ndcg,0.4293166129171605
0,0.1,6,500,rank:pairwise,0.42923425229027823
0,0.025,6,300,rank:pairwise,0.4287375219600101
0,0.05,6,300,rank:ndcg,0.4285953727696857
0,0.025,8,300,rank:pairwise,0.4284873316124677
0,0.1,6,200,rank:ndcg,0.4282352811615036
0,0.1,6,300,rank:map,0.4280802803822217
0,0.1,6,200,rank:map,0.4279700411112854
0,0.1,6,150,rank:ndcg,0.4279100118440736
0,0.05,6,500,rank:map,0.4270446247198246
0,0.025,6,500,rank:map,0.4267448539752636
0,0.05,6,150,rank:pairwise,0.4266925551399995
0,0.025,6,500,rank:ndcg,0.4264369132617854
0,0.3,6,110,rank:pairwise,0.42622768235429
0,0.05,8,300,rank:pairwise,0.4260313303149839
0,0.025,8,500,rank:ndcg,0.4255746679311096
0,0.3,6,150,rank:pairwise,0.4253596305556592
0,0.025,8,200,rank:pairwise,0.4252117208930867
0,0.05,6,300,rank:map,0.42510224862879104
0,0.1,6,150,rank:map,0.42503890376984216
0,0.05,8,150,rank:pairwise,0.4248882852899877
0,0.1,6,110,rank:ndcg,0.4248250466957999
0,0.025,8,500,rank:map,0.4247969753166263
0,0.05,8,500,rank:ndcg,0.42476936332640897
0,0.1,8,110,rank:pairwise,0.4243166590276627
0,0.1,8,200,rank:pairwise,0.4243024299757932
0,0.05,6,200,rank:ndcg,0.42427188654380027
0,0.05,8,200,rank:pairwise,0.42410940795006624
0,0.05,8,500,rank:pairwise,0.4241034387989368
0,0.01,8,500,rank:pairwise,0.4239778486111782
0,0.01,6,500,rank:pairwise,0.4239148207500928
0,0.025,6,200,rank:pairwise,0.4235925954916058
0,0.05,8,300,rank:ndcg,0.4235582314185688
0,0.05,6,110,rank:pairwise,0.4235118047583957
0,0.05,8,500,rank:map,0.4235117853674815
0,0.1,8,150,rank:pairwise,0.4234544868736071
0,0.05,8,300,rank:map,0.42343484947234733
0,0.05,8,200,rank:map,0.4232730272385586
0,0.025,8,150,rank:pairwise,0.42320266749711744
0,0.05,8,110,rank:pairwise,0.4230467753858379
0,0.1,8,200,rank:map,0.42268749967396996
0,0.1,6,110,rank:map,0.4225763995575457
0,0.1,8,300,rank:ndcg,0.4225617019001683
0,0.3,6,110,rank:map,0.42251341950054666
0,0.05,6,200,rank:map,0.4224922320396697
0,0.1,8,300,rank:map,0.4223277413658975
0,0.3,6,110,rank:ndcg,0.4220409221161023
0,0.3,6,150,rank:map,0.42174608784583456
0,0.1,8,150,rank:map,0.4215489183688424
0,0.025,10,300,rank:pairwise,0.42142337091995796
0,0.1,8,200,rank:ndcg,0.4214198887663972
0,0.01,8,300,rank:pairwise,0.4212113495994445
0,0.05,8,200,rank:ndcg,0.4212069044546512
0,0.025,8,110,rank:pairwise,0.4211280353721152
0,0.3,6,200,rank:pairwise,0.4210909987089483
0,0.3,6,150,rank:ndcg,0.4208824278238241
0,0.025,10,500,rank:pairwise,0.4208350063781592
0,0.3,6,200,rank:map,0.42076121875540345
0,0.1,8,110,rank:map,0.42075783099115
0,0.1,8,150,rank:ndcg,0.42075406136588894
0,0.025,6,300,rank:map,0.42039624141753373
0,0.4,6,150,rank:pairwise,0.4203277218472439
0,0.025,6,150,rank:pairwise,0.4202747411446797
0,0.4,6,110,rank:pairwise,0.4201777714075922
0,0.025,8,300,rank:ndcg,0.4201623407438871
0,0.1,8,300,rank:pairwise,0.42011695771794855
0,0.05,8,150,rank:map,0.4199858048708731
0,0.05,6,150,rank:ndcg,0.4199405535004006
0,0.01,10,500,rank:pairwise,0.4197390008796051
0,0.025,8,300,rank:map,0.4195297952350624
0,0.1,8,500,rank:ndcg,0.4194844674283039
0,0.025,6,300,rank:ndcg,0.41942913357211103
0,0.05,8,150,rank:ndcg,0.41914859350340616
0,0.3,6,300,rank:map,0.4190667021062996
0,0.3,6,200,rank:ndcg,0.4189005488615251
0,0.1,8,110,rank:ndcg,0.4187814767627113
0,0.05,6,150,rank:map,0.41871397413085454
0,0.01,6,300,rank:pairwise,0.4187050146758027
0,0.4,6,110,rank:ndcg,0.4186026499347669
0,0.01,10,300,rank:pairwise,0.4182563287107737
0,0.025,10,500,rank:ndcg,0.4180739372193245
0,0.01,10,200,rank:pairwise,0.4180311089496147
0,0.1,8,500,rank:map,0.4179036197130291
0,0.025,10,150,rank:pairwise,0.4176509308926014
0,0.4,6,150,rank:ndcg,0.4176050884336393
0,0.05,10,150,rank:pairwise,0.4174774605603528
0,0.1,8,500,rank:pairwise,0.41724375822403853
0,0.025,10,200,rank:pairwise,0.4172225345163297
0,0.025,10,300,rank:ndcg,0.41695396258712464
0,0.025,10,500,rank:map,0.416922886423288
0,0.3,6,300,rank:ndcg,0.41689282377324494
0,0.01,8,200,rank:pairwise,0.41688313044484576
0,0.05,10,200,rank:ndcg,0.4164042118710338
0,0.05,10,300,rank:ndcg,0.4160751408357743
0,0.05,10,300,rank:pairwise,0.4160425252407456
0,0.05,10,200,rank:pairwise,0.415952796546296
0,0.025,6,110,rank:pairwise,0.41585740256596737
0,0.01,8,500,rank:ndcg,0.4158171636410751
0,0.05,8,110,rank:ndcg,0.4155636044210483
0,0.025,10,300,rank:map,0.4155454933693666
0,0.025,10,110,rank:pairwise,0.4154557255742423
0,0.4,6,110,rank:map,0.4152273171823349
0,0.1,10,110,rank:ndcg,0.4151606704863641
0,0.05,10,200,rank:map,0.41512439467207
0,0.01,10,150,rank:pairwise,0.4151015182364223
0,0.3,6,300,rank:pairwise,0.4149228243870172
0,0.01,6,200,rank:pairwise,0.4147271267042
0,0.05,10,500,rank:ndcg,0.4146711872101675
0,0.4,6,200,rank:ndcg,0.41447507929905664
0,0.025,8,200,rank:map,0.4144496450945503
0,0.05,10,110,rank:pairwise,0.4144085780281808
0,0.01,8,150,rank:pairwise,0.4143710632631584
0,0.1,10,150,rank:ndcg,0.4143198410867847
0,0.4,6,200,rank:pairwise,0.41397387706382704
0,0.01,10,110,rank:pairwise,0.4139162794532408
0,0.05,8,110,rank:map,0.4139110359779269
0,0.05,6,110,rank:ndcg,0.4138667685898574
0,0.05,6,110,rank:map,0.4138538976149815
0,0.01,6,500,rank:ndcg,0.4137837397168024
0,0.05,10,500,rank:map,0.4136171883286345
0,0.3,8,110,rank:ndcg,0.4136032827095166
0,0.025,8,200,rank:ndcg,0.41352291114943457
0,0.1,10,110,rank:pairwise,0.41331082547282005
0,0.025,6,200,rank:ndcg,0.4130144918764089
0,0.3,8,110,rank:map,0.4129753385327559
0,0.05,10,300,rank:map,0.4129093000173477
0,0.01,8,500,rank:map,0.41289777860871535
0,0.4,6,150,rank:map,0.4127875845200665
0,0.05,10,150,rank:map,0.4126958316108688
0,0.025,10,200,rank:ndcg,0.4125361956428881
0,0.1,10,150,rank:pairwise,0.4125029949160289
0,0.3,6,500,rank:map,0.4124783853821665
0,0.1,10,200,rank:ndcg,0.4123612566998318
0,0.01,8,110,rank:pairwise,0.4122453303155573
0,0.025,6,200,rank:map,0.4120130232476692
0,0.05,10,150,rank:ndcg,0.4119750499976225
0,0.4,6,200,rank:map,0.4118702520748155
0,0.025,12,300,rank:map,0.4114771765403881
0,0.01,6,500,rank:map,0.4114686400930873
0,0.3,6,500,rank:pairwise,0.41139888248852696
0,0.01,10,500,rank:map,0.411294761363481
0,0.025,8,150,rank:map,0.4109377462791961
0,0.025,12,300,rank:ndcg,0.41087204112722864
0,0.025,10,200,rank:map,0.41082266798565403
0,0.01,10,500,rank:ndcg,0.4106129959485022
0,0.05,10,110,rank:ndcg,0.4102298571762927
0,0.1,10,200,rank:pairwise,0.4101699571232355
0,0.01,12,500,rank:ndcg,0.41011403782050654
0,0.025,12,200,rank:pairwise,0.4100211303688369
0,0.025,8,150,rank:ndcg,0.4099561369204282
0,0.025,6,150,rank:ndcg,0.40995257402933893
0,0.05,10,110,rank:map,0.4098293881314025
0,0.01,8,300,rank:ndcg,0.4094928214104467
0,0.01,6,150,rank:pairwise,0.40947318262177584
0,0.05,10,500,rank:pairwise,0.4094157903139252
0,0.025,10,150,rank:ndcg,0.4092714439539453
0,0.3,6,500,rank:ndcg,0.4092694322221172
0,0.1,10,200,rank:map,0.4091833486090513
0,0.4,6,300,rank:ndcg,0.4091086777430887
0,0.025,12,300,rank:pairwise,0.4088931115671228
0,0.025,12,500,rank:map,0.4088670226622471
0,0.01,12,500,rank:pairwise,0.4087284949094509
0,0.1,10,110,rank:map,0.4086075295399357
0,0.025,12,500,rank:ndcg,0.408570391054208
0,0.3,8,150,rank:ndcg,0.4084756706040277
0,0.025,12,150,rank:pairwise,0.4080277625343472
0,0.1,10,300,rank:ndcg,0.40767639100611774
0,0.05,12,150,rank:ndcg,0.4076339372595904
0,0.05,12,200,rank:ndcg,0.40760554021087625
0,0.01,12,150,rank:pairwise,0.40749192317969457
0,0.025,6,150,rank:map,0.4074608628599248
0,0.1,10,150,rank:map,0.4074293009513366
0,0.025,8,110,rank:map,0.4074144206727352
0,0.01,6,110,rank:pairwise,0.4073925323077447
0,0.01,12,300,rank:pairwise,0.4073175531301797
0,0.4,8,110,rank:ndcg,0.40725323562126703
0,0.025,15,300,rank:ndcg,0.4071886785985441
0,0.05,30,500,rank:ndcg,0.4069632644282432
0,0.025,20,500,rank:ndcg,0.4069126695072386
0,0.025,10,110,rank:ndcg,0.4068771768515032
0,0.025,15,500,rank:ndcg,0.40681057618657335
0,0.1,10,300,rank:map,0.4067885083388445
0,0.025,20,500,rank:map,0.4066613788537747
0,0.01,8,300,rank:map,0.4065887036593704
0,0.01,12,300,rank:ndcg,0.4064656720384496
0,0.025,10,150,rank:map,0.4064529069350996
0,0.01,10,300,rank:map,0.4064109296939382
0,0.025,12,200,rank:ndcg,0.4064084971335317
0,0.025,30,500,rank:ndcg,0.40640129358818816
0,0.3,8,200,rank:ndcg,0.40638187813392623
0,0.3,8,150,rank:map,0.40637697703966297
0,0.01,12,200,rank:pairwise,0.4063200684201152
0,0.3,8,110,rank:pairwise,0.4063117819202015
0,0.025,12,200,rank:map,0.4062909646776177
0,0.01,12,500,rank:map,0.4062500052643561
0,0.05,20,500,rank:ndcg,0.40623072919142605
0,0.025,8,110,rank:ndcg,0.4061665058620832
0,0.1,10,300,rank:pairwise,0.4060917375965776
0,0.025,12,150,rank:ndcg,0.4060702304898727
0,0.01,10,300,rank:ndcg,0.4056796689288311
0,0.01,12,110,rank:pairwise,0.4055224933078952
0,0.05,12,110,rank:ndcg,0.4054119379912149
0,0.025,30,500,rank:map,0.4053412974881291
0,0.01,12,300,rank:map,0.4053335618523929
0,0.05,15,500,rank:map,0.4052138734095752
0,0.025,12,500,rank:pairwise,0.4050420991802463
0,0.05,12,300,rank:map,0.40503479663581055
0,0.01,10,200,rank:map,0.4050214018234282
0,0.05,30,300,rank:ndcg,0.40500100986015997
0,0.4,6,300,rank:map,0.4049987666234744
0,0.025,20,500,rank:pairwise,0.40479236268033136
0,0.05,30,500,rank:pairwise,0.404775144412608
0,0.05,20,300,rank:ndcg,0.4047672361466045
0,0.01,6,300,rank:ndcg,0.4047062138122209
0,0.025,30,500,rank:pairwise,0.4046759251075589
0,0.025,20,300,rank:ndcg,0.4045012055786105
0,0.025,12,110,rank:pairwise,0.4044852996145861
0,0.3,8,150,rank:pairwise,0.4043788570488275
0,0.025,15,150,rank:map,0.4043581460979305
0,0.05,20,500,rank:map,0.4043386481176181
0,0.025,15,200,rank:map,0.4042929089413901
0,0.01,12,200,rank:ndcg,0.4042640682120157
0,0.025,10,110,rank:map,0.4041752560108003
0,0.4,6,300,rank:pairwise,0.4040921959274773
0,0.05,12,150,rank:map,0.4040544657337733
0,0.01,8,200,rank:ndcg,0.4040091568076786
0,0.05,15,150,rank:map,0.4039909571028934
0,0.025,12,110,rank:map,0.4039563888313029
0,0.05,15,110,rank:map,0.4039268763611362
0,0.1,30,500,rank:map,0.4038858481028534
0,0.05,20,500,rank:pairwise,0.4037954042303225
0,0.025,15,500,rank:map,0.4037061182998713
0,0.025,15,200,rank:ndcg,0.4037060987569694
0,0.05,30,500,rank:map,0.4036809078581874
0,0.01,15,500,rank:map,0.4036180543191484
0,0.025,6,110,rank:ndcg,0.4036178842759047
0,0.025,12,110,rank:ndcg,0.4035453271287354
0,0.01,6,300,rank:map,0.4035353326119422
0,0.05,12,200,rank:map,0.4035145619112902
0,0.01,12,150,rank:ndcg,0.4033526847166419
0,0.1,10,500,rank:map,0.4033407996179821
0,0.01,15,300,rank:map,0.4032890470832308
0,0.05,15,200,rank:map,0.403029632398045
0,0.05,12,200,rank:pairwise,0.4029362983429325
0,0.01,12,200,rank:map,0.4028880400762612
0,0.025,12,150,rank:map,0.4028443713183374
0,0.01,8,200,rank:map,0.4027564645689588
0,0.025,15,300,rank:map,0.4027525653048525
0,0.05,12,110,rank:map,0.4027122919393485
0,0.025,20,300,rank:map,0.40264267892518185
0,0.05,30,300,rank:map,0.4025876317753224
0,0.05,12,300,rank:ndcg,0.4025790237043964
0,0.05,30,200,rank:ndcg,0.4024157256267424
0,0.025,15,110,rank:map,0.4023507652087976
0,0.05,20,200,rank:ndcg,0.4023310415969978
0,0.05,12,110,rank:pairwise,0.4023005483108982
0,0.025,6,110,rank:map,0.4022629400021103
0,0.3,8,200,rank:map,0.40189954661969457
0,0.01,12,150,rank:map,0.4018474725736464
0,0.05,20,300,rank:pairwise,0.4017870261409321
0,0.01,10,150,rank:ndcg,0.40171381711014426
0,0.025,15,150,rank:ndcg,0.4015953379802495
0,0.01,10,150,rank:map,0.401550439917254
0,0.01,15,500,rank:ndcg,0.4014745723419042
0,0.4,8,110,rank:pairwise,0.40139828000060185
0,0.05,20,300,rank:map,0.401365378395134
0,0.05,15,500,rank:ndcg,0.40124606571541616
0,0.05,12,150,rank:pairwise,0.4011540442500268
0,0.025,20,300,rank:pairwise,0.4011189301455665
0,0.1,30,300,rank:map,0.4010712489067374
0,0.05,15,300,rank:map,0.40104473646034056
0,0.4,8,110,rank:map,0.4009597713059583
0,0.4,8,150,rank:ndcg,0.4009508771218708
0,0.1,12,110,rank:ndcg,0.4008342867327459
0,0.01,20,500,rank:ndcg,0.4008146695812964
0,0.01,15,500,rank:pairwise,0.4007164987884577
0,0.025,15,110,rank:ndcg,0.4007100005073463
0,0.1,10,500,rank:ndcg,0.4006290997766999
0,0.05,12,500,rank:ndcg,0.4006081976090713
0,0.05,15,200,rank:ndcg,0.40050306367309296
0,0.01,15,200,rank:map,0.4003560023308334
0,0.01,10,110,rank:ndcg,0.4003275690360673
0,0.01,10,200,rank:ndcg,0.4002923771856831
0,0.4,6,500,rank:ndcg,0.4002699045759308
0,0.05,30,300,rank:pairwise,0.4002613045673281
0,0.01,8,150,rank:ndcg,0.40021211627633213
0,0.05,15,300,rank:ndcg,0.4001145756739513
0,0.01,8,150,rank:map,0.400110270106274
0,0.1,30,200,rank:map,0.4001012584709479
0,0.01,12,110,rank:ndcg,0.4000909489881136
0,0.3,8,200,rank:pairwise,0.3998554808049196
0,0.1,15,200,rank:ndcg,0.39984655834823707
0,0.01,6,200,rank:ndcg,0.3998333654571191
0,0.1,15,300,rank:ndcg,0.39974570891832417
0,0.025,30,300,rank:map,0.3996928114355911
0,0.01,15,200,rank:pairwise,0.3995856218526912
0,0.025,20,200,rank:ndcg,0.3995827591720856
0,0.1,30,300,rank:ndcg,0.3995747357592521
0,0.1,20,500,rank:map,0.39956011622952337
0,0.025,20,200,rank:map,0.399462224421662
0,0.01,15,200,rank:ndcg,0.3993340161913608
0,0.01,10,110,rank:map,0.39927206030892026
0,0.025,30,300,rank:ndcg,0.3992485222149981
0,0.1,30,500,rank:ndcg,0.39914128750495736
0,0.01,20,500,rank:map,0.39912841718280456
0,0.05,20,200,rank:map,0.3990760725940084
0,0.01,15,300,rank:ndcg,0.3990678202238815
0,0.1,12,150,rank:map,0.3990382965583374
0,0.1,20,300,rank:pairwise,0.3990016920908684
0,0.01,20,500,rank:pairwise,0.39895421949281823
0,0.05,12,300,rank:pairwise,0.3987672911430937
0,0.025,20,200,rank:pairwise,0.39873914923249454
0,0.3,8,300,rank:ndcg,0.3986993536387949
0,0.1,10,500,rank:pairwise,0.3986940698912568
0,0.01,8,110,rank:map,0.39859461994487577
0,0.01,15,300,rank:pairwise,0.3984663390458084
0,0.1,30,150,rank:map,0.3984544333749829
0,0.1,15,150,rank:ndcg,0.3983998743696259
0,0.01,12,110,rank:map,0.3982379305945679
0,0.01,6,200,rank:map,0.3981558851907557
0,0.025,30,300,rank:pairwise,0.3980161602044106
0,0.1,15,500,rank:map,0.3978997963396615
0,0.1,20,500,rank:ndcg,0.397892294365029
0,0.1,20,300,rank:ndcg,0.3978914245176762
0,0.1,12,150,rank:ndcg,0.3978702265822872
0,0.01,15,150,rank:map,0.3978406161626671
0,0.1,20,300,rank:map,0.397788908701074
0,0.01,6,150,rank:map,0.3977594804193038
0,0.01,15,110,rank:map,0.3977403460469372
0,0.01,8,110,rank:ndcg,0.39753189585021786
0,0.025,15,500,rank:pairwise,0.397510745065873
0,0.1,30,200,rank:ndcg,0.3974667698191312
0,0.01,6,110,rank:map,0.3974456946172648
0,0.1,12,110,rank:pairwise,0.3973895591234035
0,0.1,20,200,rank:ndcg,0.397355007053984
0,0.1,15,500,rank:ndcg,0.397337028432466
0,0.05,20,150,rank:ndcg,0.3973185039224742
0,0.01,30,500,rank:map,0.3973171881352773
0,0.1,15,300,rank:map,0.397173787337752
0,0.1,30,300,rank:pairwise,0.3968875770955053
0,0.025,20,150,rank:pairwise,0.3968590511984876
0,0.1,30,500,rank:pairwise,0.3967810623766255
0,0.01,20,300,rank:ndcg,0.3967782627989482
0,0.05,12,500,rank:map,0.3967396523736613
0,0.4,6,500,rank:map,0.39668349965308375
0,0.4,6,500,rank:pairwise,0.3966309370282932
0,0.01,15,150,rank:ndcg,0.3966237578673839
0,0.1,12,110,rank:map,0.3965367349388488
0,0.025,20,150,rank:map,0.39643370513938697
0,0.1,20,500,rank:pairwise,0.3963892586449957
0,0.025,15,150,rank:pairwise,0.396316797875628
0,0.01,15,150,rank:pairwise,0.3962773170160673
0,0.025,15,300,rank:pairwise,0.3962482573856704
0,0.025,20,150,rank:ndcg,0.39622187145109417
0,0.05,30,200,rank:map,0.3961920224821617
0,0.01,15,110,rank:ndcg,0.3961483502871039
0,0.1,20,200,rank:pairwise,0.3960419460252578
0,0.05,15,110,rank:ndcg,0.3959305742066284
0,0.05,30,200,rank:pairwise,0.39591208661332944
0,0.1,30,150,rank:ndcg,0.3958729247410459
0,0.05,15,150,rank:ndcg,0.3958605892420352
0,0.1,20,200,rank:map,0.3958028514855052
0,0.1,30,200,rank:pairwise,0.3955512421261863
0,0.1,12,200,rank:map,0.3954676834755084
0,0.05,15,500,rank:pairwise,0.39546182744474784
0,0.01,15,110,rank:pairwise,0.39546167946210997
0,0.1,15,110,rank:ndcg,0.3954527859268456
0,0.05,12,500,rank:pairwise,0.39540637000405415
0,0.1,20,150,rank:ndcg,0.3953178504885592
0,0.025,15,110,rank:pairwise,0.3952966552472851
0,0.01,6,150,rank:ndcg,0.3952839802375159
0,0.05,30,150,rank:ndcg,0.3951903698490091
0,0.01,30,500,rank:ndcg,0.3951861765831553
0,0.1,12,150,rank:pairwise,0.39518288512483307
0,0.05,15,200,rank:pairwise,0.3950227599202762
0,0.025,20,110,rank:pairwise,0.3949873353425951
0,0.05,15,150,rank:pairwise,0.3949099446211101
0,0.1,12,200,rank:ndcg,0.3948474646689714
0,0.01,20,300,rank:map,0.3947838773432348
0,0.05,20,200,rank:pairwise,0.3945982630812126
0,0.4,8,150,rank:pairwise,0.39438973995911225
0,0.3,10,110,rank:ndcg,0.39427286603394135
0,0.1,12,500,rank:ndcg,0.394232586330702
0,0.4,8,150,rank:map,0.39422464409777297
0,0.01,20,200,rank:pairwise,0.3940769009649273
0,0.1,20,150,rank:pairwise,0.3940394023236523
0,0.025,15,200,rank:pairwise,0.39403912450843936
0,0.1,15,500,rank:pairwise,0.3939751876138455
0,0.025,30,200,rank:map,0.393930171141364
0,0.01,30,300,rank:map,0.3939145004693218
0,0.05,15,110,rank:pairwise,0.3938852155625665
0,0.05,15,300,rank:pairwise,0.3938181953397757
0,0.01,20,300,rank:pairwise,0.3937602263376772
0,0.025,30,200,rank:ndcg,0.3937094210200953
0,0.05,20,150,rank:map,0.3936329469741317
0,0.05,30,150,rank:map,0.3935312148840989
0,0.1,30,150,rank:pairwise,0.3934443481184805
0,0.05,20,110,rank:ndcg,0.39342709726621855
0,0.01,30,500,rank:pairwise,0.39317815348085056
0,0.01,20,200,rank:ndcg,0.3931569598971417
0,0.025,20,110,rank:map,0.393107321310177
0,0.1,15,200,rank:map,0.3930968330919268
0,0.3,8,300,rank:map,0.3929946407803823
0,0.01,6,110,rank:ndcg,0.3929023510629085
0,0.1,12,300,rank:ndcg,0.3927822966824083
0,0.1,15,150,rank:map,0.3926952542910429
0,0.1,30,110,rank:map,0.3925438952313873
0,0.1,20,150,rank:map,0.392513662228958
0,0.01,20,200,rank:map,0.3923565982815144
0,0.01,20,150,rank:ndcg,0.3923281635060545
0,0.1,12,200,rank:pairwise,0.39230379439068397
0,0.4,8,200,rank:ndcg,0.3917651826181509
0,0.05,20,150,rank:pairwise,0.3917587958447259
0,0.025,20,110,rank:ndcg,0.39143422130835664
0,0.1,20,110,rank:ndcg,0.39139127866550505
0,0.1,12,500,rank:map,0.3911784860857657
0,0.3,10,150,rank:ndcg,0.391067949829067
0,0.01,30,300,rank:ndcg,0.3909999509890108
0,0.1,12,300,rank:map,0.3909050790120012
0,0.01,20,150,rank:pairwise,0.3908746599668849
0,0.05,30,150,rank:pairwise,0.3907628728106453
0,0.3,20,200,rank:map,0.3903998922730656
0,0.1,15,110,rank:map,0.3903927835729025
0,0.1,20,110,rank:pairwise,0.39027546532986296
0,0.4,8,200,rank:map,0.3902023271317757
0,0.1,30,110,rank:ndcg,0.39008463943446986
0,0.3,10,110,rank:map,0.39007583588274397
0,0.01,30,200,rank:map,0.3900032397845497
0,0.01,20,150,rank:map,0.3896467260004205
0,0.025,30,150,rank:ndcg,0.38945056576742615
0,0.01,20,110,rank:ndcg,0.3894488460893111
0,0.01,30,200,rank:ndcg,0.38942775555591147
0,0.3,8,300,rank:pairwise,0.3890969801174804
0,0.1,12,300,rank:pairwise,0.3889763609936815
0,0.01,30,300,rank:pairwise,0.3889592767269796
0,0.05,20,110,rank:map,0.3888730781964832
0,0.1,15,300,rank:pairwise,0.388800261669326
0,0.01,30,150,rank:ndcg,0.3887841702747516
0,0.01,20,110,rank:pairwise,0.3886091366465149
0,0.1,20,110,rank:map,0.3885464533024384
0,0.1,12,500,rank:pairwise,0.3883032556711125
0,0.3,20,300,rank:map,0.3882606145918754
0,0.4,8,200,rank:pairwise,0.3880321435455496
0,0.025,30,200,rank:pairwise,0.3878996546849727
0,0.05,30,110,rank:map,0.387817367117092
0,0.1,15,200,rank:pairwise,0.3876656336554527
0,0.01,20,110,rank:map,0.3876478428682249
0,0.01,30,110,rank:map,0.3876273666583761
0,0.01,30,150,rank:map,0.3874628008757375
0,0.025,30,150,rank:map,0.3865602118833728
0,0.3,8,500,rank:ndcg,0.38633620367442506
0,0.3,20,150,rank:map,0.38623380746418395
0,0.1,30,110,rank:pairwise,0.3862192463075501
0,0.05,30,110,rank:pairwise,0.3860199823215908
0,0.3,20,110,rank:map,0.3859383325388331
0,0.4,30,500,rank:map,0.38589958116315215
0,0.025,30,110,rank:ndcg,0.3857343979125397
0,0.05,20,110,rank:pairwise,0.3854937932166458
0,0.01,30,200,rank:pairwise,0.38535281118207465
0,0.4,10,110,rank:map,0.3853508280379073
0,0.3,20,500,rank:map,0.385213619076713
0,0.05,30,110,rank:ndcg,0.3850648014829123
0,0.3,30,500,rank:ndcg,0.3845502943548733
0,0.1,15,150,rank:pairwise,0.3844400333160229
0,0.3,20,500,rank:ndcg,0.38423656088539293
0,0.01,30,110,rank:ndcg,0.3841880417900808
0,0.3,30,200,rank:ndcg,0.38409333814710495
0,0.025,30,150,rank:pairwise,0.3838771302081184
0,0.4,30,200,rank:map,0.38357897050294704
0,0.3,15,500,rank:map,0.38348618848925065
0,0.4,30,300,rank:map,0.38346178842428985
0,0.3,20,300,rank:ndcg,0.383446844464444
0,0.3,30,300,rank:pairwise,0.38339181468857897
0,0.3,10,110,rank:pairwise,0.3833882745923064
0,0.4,20,500,rank:map,0.38323601307057775
0,0.3,30,150,rank:ndcg,0.3832238306671137
0,0.025,30,110,rank:map,0.3832000399287284
0,0.3,10,150,rank:map,0.3831103343118565
0,0.4,20,300,rank:map,0.3830482400805274
0,0.4,30,150,rank:map,0.3828411969861593
0,0.1,15,110,rank:pairwise,0.3827951362100405
0,0.3,20,150,rank:ndcg,0.3827685130721791
0,0.3,30,300,rank:ndcg,0.3826871423340363
0,0.4,30,110,rank:map,0.3824691727659485
0,0.3,30,200,rank:map,0.38236607180649257
0,0.3,20,200,rank:ndcg,0.3821209878799244
0,0.4,20,150,rank:map,0.3819571741297226
0,0.3,10,200,rank:ndcg,0.3819502622739824
0,0.3,20,110,rank:ndcg,0.3818530405607215
0,0.3,12,500,rank:ndcg,0.3818382842697572
0,0.3,15,500,rank:ndcg,0.3818256293063217
0,0.3,15,300,rank:ndcg,0.3813917341124733
0,0.4,8,300,rank:ndcg,0.3812318867728875
0,0.4,20,200,rank:map,0.3812307247095442
0,0.3,15,200,rank:map,0.3811591696466661
0,0.3,15,300,rank:map,0.38115601186238457
0,0.01,30,150,rank:pairwise,0.3810766178808898
0,0.3,15,200,rank:ndcg,0.3810288914106712
0,0.3,10,200,rank:map,0.3807590875209631
0,0.025,30,110,rank:pairwise,0.38069255195181145
0,0.3,30,500,rank:pairwise,0.3804690038273255
0,0.3,8,500,rank:pairwise,0.38037056886019655
0,0.3,30,110,rank:ndcg,0.3803507896684943
0,0.4,30,200,rank:ndcg,0.38025963057957823
0,0.3,30,150,rank:map,0.3800931916683125
0,0.3,30,200,rank:pairwise,0.3799318868594461
0,0.4,8,300,rank:map,0.3798537887402504
0,0.3,12,300,rank:ndcg,0.3798404160713087
0,0.3,20,300,rank:pairwise,0.3797921699929417
0,0.4,20,150,rank:ndcg,0.379668894587019
0,0.4,20,110,rank:map,0.3795821937326466
0,0.3,30,300,rank:map,0.3795460675084471
0,0.4,10,150,rank:map,0.3794984900662846
0,0.4,20,200,rank:ndcg,0.379431806333945
0,0.3,12,500,rank:map,0.3793745837826778
0,0.3,30,500,rank:map,0.3791012595987895
0,0.4,30,500,rank:ndcg,0.3790215699460792
0,0.3,15,150,rank:map,0.3789185217946425
0,0.3,10,500,rank:ndcg,0.3786738918122029
0,0.3,15,150,rank:ndcg,0.37859179258763065
0,0.4,10,110,rank:ndcg,0.37848259455796346
0,0.3,12,300,rank:map,0.3784581518475084
0,0.4,30,150,rank:ndcg,0.3781216331451767
0,0.3,15,110,rank:map,0.3780004794825044
0,0.4,20,300,rank:ndcg,0.3778900743421364
0,0.3,30,150,rank:pairwise,0.3777760487561551
0,0.4,15,300,rank:ndcg,0.3775509632054636
0,0.3,12,200,rank:ndcg,0.3774098141742905
0,0.4,15,150,rank:ndcg,0.37719554250481657
0,0.4,30,300,rank:ndcg,0.37718916779704703
0,0.3,20,200,rank:pairwise,0.3770645496907363
0,0.4,15,500,rank:ndcg,0.37702232083885373
0,0.3,30,110,rank:map,0.3770030363856332
0,0.3,20,500,rank:pairwise,0.3768853918255798
0,0.4,20,110,rank:ndcg,0.3767536247450537
0,0.4,8,300,rank:pairwise,0.3767045876142527
0,0.3,10,150,rank:pairwise,0.376652036557968
0,0.4,15,200,rank:ndcg,0.3766372103793357
0,0.3,8,500,rank:map,0.37656229066903824
0,0.3,12,500,rank:pairwise,0.37648872120917604
0,0.01,30,110,rank:pairwise,0.3763978555367061
0,0.3,10,300,rank:ndcg,0.3763571919264142
0,0.3,12,110,rank:ndcg,0.3763175969075472
0,0.4,20,500,rank:ndcg,0.3761342270314363
0,0.3,15,300,rank:pairwise,0.3761205098428824
0,0.3,10,300,rank:map,0.3759970981794091
0,0.4,30,110,rank:ndcg,0.3758577146893597
0,0.3,15,500,rank:pairwise,0.3757859394708287
0,0.4,10,500,rank:map,0.3756561641597401
0,0.3,20,150,rank:pairwise,0.37559565097077297
0,0.3,10,500,rank:map,0.3755229525310624
0,0.3,12,300,rank:pairwise,0.3753693963665161
0,0.3,30,110,rank:pairwise,0.3752634311159356
0,0.4,30,500,rank:pairwise,0.3752227335823544
0,0.4,10,110,rank:pairwise,0.3748483563630876
0,0.3,12,150,rank:ndcg,0.3746377257484629
0,0.4,15,110,rank:ndcg,0.3746075400180024
0,0.4,12,500,rank:ndcg,0.3745393905719599
0,0.3,15,200,rank:pairwise,0.3744898885414841
0,0.3,12,200,rank:map,0.374288421165797
0,0.3,10,500,rank:pairwise,0.3740079870015441
0,0.4,20,500,rank:pairwise,0.37394576123577655
0,0.4,30,300,rank:pairwise,0.3736115752692225
0,0.3,15,110,rank:ndcg,0.3735605889905652
0,0.4,15,500,rank:map,0.3734978161256397
0,0.4,30,200,rank:pairwise,0.3734523734959567
0,0.4,30,150,rank:pairwise,0.37338979125479305
0,0.4,10,150,rank:ndcg,0.37322693560876335
0,0.4,8,500,rank:pairwise,0.3729361845247784
0,0.4,10,500,rank:ndcg,0.37290778602185576
0,0.3,10,200,rank:pairwise,0.3726409728954518
0,0.4,10,200,rank:map,0.37235025944344136
0,0.3,10,300,rank:pairwise,0.372260204342243
0,0.4,8,500,rank:ndcg,0.3722537409752258
0,0.4,12,300,rank:ndcg,0.3720982670707953
0,0.4,15,300,rank:map,0.3718483028450176
0,0.4,10,200,rank:ndcg,0.3717919470062123
0,0.3,20,110,rank:pairwise,0.3716859323911586
0,0.3,15,150,rank:pairwise,0.3715823508437137
0,0.3,12,200,rank:pairwise,0.37149431072592337
0,0.4,10,300,rank:ndcg,0.3711944917935569
0,0.4,20,200,rank:pairwise,0.3710330480331888
0,0.4,20,300,rank:pairwise,0.37087238094986996
0,0.4,20,110,rank:pairwise,0.3708498369977945
0,0.3,12,110,rank:map,0.3707165902726229
0,0.4,15,200,rank:map,0.3707036477420256
0,0.4,12,200,rank:ndcg,0.3702006716267221
0,0.4,15,110,rank:map,0.3701916481396271
0,0.4,20,150,rank:pairwise,0.3701338767543765
0,0.3,15,110,rank:pairwise,0.3700943894982891
0,0.4,15,150,rank:map,0.3700902234989717
0,0.3,12,150,rank:map,0.3699274321047945
0,0.4,10,150,rank:pairwise,0.3697412461301211
0,0.4,12,500,rank:map,0.36973617486708493
0,0.4,30,110,rank:pairwise,0.3697235500289061
0,0.4,10,500,rank:pairwise,0.3693226758389104
0,0.4,12,300,rank:map,0.3690695043604313
0,0.4,10,300,rank:map,0.3685363090228429
0,0.4,10,300,rank:pairwise,0.3676778246717236
0,0.4,12,150,rank:ndcg,0.3676012920757575
0,0.4,8,500,rank:map,0.3674237375458094
0,0.4,12,110,rank:ndcg,0.3671728844976405
0,0.4,15,300,rank:pairwise,0.3668316791960883
0,0.4,15,500,rank:pairwise,0.36640142762033134
0,0.4,10,200,rank:pairwise,0.3661625224610915
0,0.3,12,150,rank:pairwise,0.36524712171963697
0,0.4,12,300,rank:pairwise,0.36454258290300695
0,0.3,12,110,rank:pairwise,0.36444038642933824
0,0.4,15,200,rank:pairwise,0.36424132442944496
0,0.4,15,150,rank:pairwise,0.3635197854061294
0,0.4,12,200,rank:map,0.3627562013060702
0,0.4,12,500,rank:pairwise,0.3619952907751721
0,0.4,12,200,rank:pairwise,0.3608729301551383
0,0.4,12,150,rank:map,0.35968893753421355
0,0.4,15,110,rank:pairwise,0.35866010520318103
0,0.4,12,150,rank:pairwise,0.3585052895802597
0,0.4,12,110,rank:map,0.3580857609089738
0,0.4,12,110,rank:pairwise,0.35507414080998795
